OrderID,OrderDate,Product,Category,Region,Quantity,UnitPrice,TotalSales
1,2022-04-13,Keyboard,Electronics,East,6,707,4242
2,2023-03-12,Monitor,Office Supplies,North,5,1391,6955
3,2024-05-10,Printer,Office Supplies,East,6,785,4710
4,2022-09-28,Laptop,Electronics,South,7,1442,10094
5,2022-04-17,Mouse,Accessories,East,5,433,2165
6,2022-03-13,Laptop,Accessories,South,1,111,111
7,2023-12-02,Phone,Accessories,South,8,1879,15032
8,2022-01-21,Laptop,Accessories,East,4,554,2216
9,2023-09-07,Keyboard,Office Supplies,North,9,288,2592
10,2022-05-02,Smartwatch,Office Supplies,North,6,244,1464
11,2023-04-12,Camera,Office Supplies,West,1,727,727
12,2022-08-03,Mouse,Office Supplies,North,3,1295,3885
13,2022-11-27,Laptop,Office Supplies,West,3,110,330
14,2023-04-04,Laptop,Accessories,North,4,1202,4808
15,2022-03-29,Phone,Accessories,North,6,1039,6234
16,2023-01-08,Camera,Accessories,South,7,734,5138
17,2022-04-10,Tablet,Accessories,West,4,205,820
18,2024-05-21,Laptop,Office Supplies,North,6,1990,11940
19,2023-10-26,Keyboard,Office Supplies,West,1,1451,1451
20,2022-05-11,Monitor,Office Supplies,South,8,1695,13560
21,2023-10-24,Mouse,Electronics,South,7,1854,12978
22,2022-11-05,Laptop,Accessories,West,9,972,8748
23,2024-02-09,Keyboard,Accessories,South,3,917,2751
24,2022-12-10,Keyboard,Office Supplies,East,2,952,1904
25,2023-05-07,Mouse,Accessories,East,1,1863,1863
26,2023-02-18,Tablet,Accessories,South,3,1659,4977
27,2024-03-16,Keyboard,Office Supplies,East,5,1048,5240
28,2023-01-21,Monitor,Electronics,North,2,1510,3020
29,2022-07-11,Keyboard,Electronics,West,3,1024,3072
30,2024-08-13,Keyboard,Electronics,North,4,1280,5120
31,2022-10-04,Keyboard,Office Supplies,West,7,437,3059
32,2022-06-10,Smartwatch,Accessories,South,3,1553,4659
33,2023-04-05,Smartwatch,Office Supplies,North,9,1864,16776
34,2022-11-10,Tablet,Office Supplies,South,8,936,7488
35,2022-01-22,Laptop,Accessories,South,4,887,3548
36,2022-09-10,Keyboard,Electronics,West,1,1413,1413
37,2024-01-18,Camera,Electronics,West,1,1942,1942
38,2024-05-06,Laptop,Office Supplies,West,1,389,389
39,2023-07-15,Tablet,Electronics,North,1,253,253
40,2023-04-20,Headphones,Office Supplies,East,8,210,1680
41,2022-02-28,Laptop,Office Supplies,West,3,1613,4839
42,2023-05-26,Laptop,Accessories,West,6,441,2646
43,2023-11-13,Printer,Accessories,North,3,818,2454
44,2023-04-21,Phone,Accessories,West,5,1750,8750
45,2023-12-01,Printer,Office Supplies,North,7,624,4368
46,2024-09-02,Monitor,Accessories,South,2,583,1166
47,2024-02-22,Smartwatch,Electronics,West,6,1143,6858
48,2022-07-09,Smartwatch,Electronics,West,6,942,5652
49,2024-08-15,Phone,Office Supplies,South,3,454,1362
50,2023-11-18,Mouse,Office Supplies,South,6,657,3942
51,2024-08-15,Mouse,Accessories,South,5,1748,8740
52,2023-07-17,Tablet,Office Supplies,West,2,1664,3328
53,2024-05-25,Phone,Office Supplies,East,9,1590,14310
54,2023-07-21,Laptop,Electronics,East,8,877,7016
55,2022-09-01,Mouse,Electronics,East,3,1193,3579
56,2024-04-11,Keyboard,Accessories,West,8,1887,15096
57,2023-05-20,Camera,Office Supplies,South,9,739,6651
58,2022-05-11,Laptop,Office Supplies,West,3,1761,5283
59,2023-04-30,Monitor,Electronics,South,3,951,2853
60,2024-03-29,Keyboard,Office Supplies,West,2,1290,2580
61,2023-10-09,Keyboard,Electronics,West,8,105,840
62,2022-01-21,Phone,Accessories,South,1,415,415
63,2024-04-20,Tablet,Electronics,East,8,1772,14176
64,2022-06-16,Monitor,Office Supplies,South,7,1577,11039
65,2022-10-01,Mouse,Accessories,North,7,1817,12719
66,2023-01-23,Phone,Electronics,North,3,1840,5520
67,2023-08-24,Mouse,Electronics,South,1,1998,1998
68,2022-11-12,Phone,Accessories,West,4,504,2016
69,2022-01-14,Phone,Accessories,North,9,153,1377
70,2022-08-30,Phone,Electronics,North,5,126,630
71,2024-02-16,Tablet,Office Supplies,West,1,279,279
72,2022-12-12,Phone,Electronics,West,5,1987,9935
73,2023-07-19,Headphones,Accessories,East,8,1331,10648
74,2024-06-16,Camera,Electronics,West,8,1337,10696
75,2022-12-06,Mouse,Accessories,South,5,380,1900
76,2022-04-02,Laptop,Accessories,South,9,1255,11295
77,2023-01-02,Printer,Office Supplies,East,1,942,942
78,2024-08-13,Monitor,Accessories,North,4,1841,7364
79,2023-03-31,Smartwatch,Accessories,North,3,1623,4869
80,2023-03-04,Tablet,Office Supplies,West,2,737,1474
81,2023-05-24,Laptop,Accessories,South,8,76,608
82,2024-02-15,Keyboard,Office Supplies,North,7,1349,9443
83,2024-07-31,Headphones,Office Supplies,East,9,1725,15525
84,2022-02-04,Smartwatch,Accessories,East,2,348,696
85,2022-07-25,Printer,Accessories,South,4,1006,4024
86,2022-03-22,Laptop,Electronics,East,6,848,5088
87,2024-07-20,Smartwatch,Office Supplies,East,3,1164,3492
88,2023-07-16,Laptop,Electronics,South,8,529,4232
89,2024-05-21,Headphones,Accessories,West,3,622,1866
90,2023-01-23,Printer,Electronics,West,2,507,1014
91,2022-01-02,Keyboard,Office Supplies,East,3,1524,4572
92,2023-01-25,Phone,Electronics,West,6,414,2484
93,2023-07-20,Mouse,Office Supplies,West,2,908,1816
94,2022-04-16,Keyboard,Accessories,East,8,1748,13984
95,2024-02-11,Phone,Accessories,West,1,400,400
96,2024-04-01,Tablet,Office Supplies,East,7,1728,12096
97,2023-04-22,Camera,Accessories,North,2,1473,2946
98,2023-12-04,Monitor,Accessories,South,6,302,1812
99,2023-02-06,Monitor,Accessories,South,2,830,1660
100,2023-12-31,Mouse,Accessories,West,2,1954,3908
101,2023-07-10,Printer,Office Supplies,West,8,852,6816
102,2022-06-11,Headphones,Electronics,West,2,1061,2122
103,2022-07-21,Printer,Electronics,South,7,508,3556
104,2024-08-15,Headphones,Accessories,North,3,1772,5316
105,2024-09-22,Printer,Electronics,North,8,966,7728
106,2022-09-27,Camera,Electronics,South,7,548,3836
107,2024-05-12,Tablet,Accessories,North,8,999,7992
108,2024-03-26,Tablet,Accessories,South,7,1999,13993
109,2022-09-28,Phone,Electronics,North,6,557,3342
110,2023-04-01,Smartwatch,Office Supplies,East,7,1377,9639
111,2023-04-07,Tablet,Accessories,East,5,550,2750
112,2023-12-28,Tablet,Office Supplies,South,7,852,5964
113,2022-09-09,Keyboard,Electronics,North,1,647,647
114,2023-12-03,Keyboard,Accessories,West,1,215,215
115,2022-10-23,Phone,Office Supplies,North,9,1488,13392
116,2023-12-26,Smartwatch,Accessories,East,5,511,2555
117,2023-12-21,Mouse,Electronics,East,5,969,4845
118,2024-01-19,Keyboard,Office Supplies,North,3,163,489
119,2022-12-04,Mouse,Electronics,North,5,1506,7530
120,2024-05-28,Laptop,Electronics,West,3,1041,3123
121,2022-02-22,Keyboard,Accessories,West,9,1429,12861
122,2024-03-02,Camera,Office Supplies,North,9,1768,15912
123,2024-07-10,Smartwatch,Electronics,North,6,256,1536
124,2022-08-05,Phone,Electronics,North,1,1841,1841
125,2024-02-03,Laptop,Office Supplies,North,7,1308,9156
126,2022-07-07,Smartwatch,Electronics,South,7,1515,10605
127,2023-01-15,Camera,Electronics,North,4,1428,5712
128,2023-05-08,Smartwatch,Office Supplies,West,8,564,4512
129,2022-02-10,Camera,Office Supplies,East,6,1281,7686
130,2022-06-06,Camera,Office Supplies,South,4,758,3032
131,2022-01-15,Mouse,Office Supplies,North,4,1926,7704
132,2024-03-23,Printer,Accessories,East,2,1198,2396
133,2022-03-06,Laptop,Office Supplies,South,2,187,374
134,2024-05-06,Smartwatch,Accessories,East,4,388,1552
135,2024-04-18,Headphones,Accessories,North,5,586,2930
136,2023-06-05,Laptop,Accessories,North,8,117,936
137,2022-12-10,Printer,Electronics,West,6,1646,9876
138,2022-05-09,Laptop,Accessories,North,4,1614,6456
139,2023-10-10,Tablet,Accessories,North,7,432,3024
140,2023-04-17,Headphones,Electronics,South,8,68,544
141,2022-03-04,Printer,Electronics,West,2,732,1464
142,2022-05-19,Mouse,Electronics,South,7,1523,10661
143,2023-05-14,Smartwatch,Office Supplies,East,2,123,246
144,2023-08-16,Monitor,Electronics,North,2,622,1244
145,2023-01-27,Printer,Electronics,East,8,988,7904
146,2023-11-06,Phone,Accessories,South,2,1738,3476
147,2023-02-23,Smartwatch,Electronics,North,9,1349,12141
148,2022-10-16,Printer,Office Supplies,North,1,1121,1121
149,2023-01-14,Tablet,Electronics,South,9,260,2340
150,2024-02-12,Monitor,Office Supplies,South,1,904,904
151,2023-05-05,Tablet,Electronics,South,2,1993,3986
152,2022-08-19,Monitor,Electronics,South,6,700,4200
153,2022-02-10,Phone,Electronics,South,6,1695,10170
154,2022-01-28,Smartwatch,Electronics,North,1,1043,1043
155,2022-05-15,Mouse,Office Supplies,South,7,744,5208
156,2022-07-20,Tablet,Office Supplies,North,8,589,4712
157,2024-04-19,Tablet,Accessories,North,2,1782,3564
158,2024-02-19,Camera,Office Supplies,South,8,1264,10112
159,2024-07-18,Monitor,Electronics,South,9,1388,12492
160,2022-02-02,Keyboard,Accessories,West,6,950,5700
161,2022-02-17,Smartwatch,Accessories,North,5,1636,8180
162,2023-05-18,Monitor,Accessories,South,9,1734,15606
163,2023-02-11,Camera,Electronics,South,9,829,7461
164,2023-07-28,Laptop,Office Supplies,South,1,1635,1635
165,2023-12-29,Monitor,Electronics,West,3,1973,5919
166,2024-03-15,Mouse,Accessories,West,9,1831,16479
167,2022-04-09,Smartwatch,Electronics,East,2,1186,2372
168,2023-11-15,Camera,Electronics,North,4,219,876
169,2024-05-21,Laptop,Office Supplies,East,4,1541,6164
170,2023-12-27,Headphones,Office Supplies,South,2,1751,3502
171,2024-09-13,Camera,Accessories,West,3,1994,5982
172,2023-07-01,Headphones,Electronics,West,3,1087,3261
173,2024-08-18,Smartwatch,Electronics,East,1,1788,1788
174,2024-01-09,Tablet,Office Supplies,West,6,337,2022
175,2023-09-05,Camera,Electronics,South,8,1980,15840
176,2024-07-31,Phone,Electronics,West,3,238,714
177,2023-04-07,Headphones,Electronics,East,5,963,4815
178,2023-10-05,Mouse,Office Supplies,South,1,1228,1228
179,2024-02-08,Phone,Accessories,East,7,1640,11480
180,2022-01-05,Printer,Accessories,West,1,743,743
181,2022-08-06,Printer,Electronics,East,9,1795,16155
182,2023-05-18,Laptop,Accessories,East,8,937,7496
183,2024-02-06,Tablet,Office Supplies,North,7,520,3640
184,2023-02-02,Smartwatch,Office Supplies,West,7,1148,8036
185,2024-05-20,Camera,Accessories,West,5,326,1630
186,2024-03-05,Keyboard,Accessories,East,5,989,4945
187,2023-01-28,Mouse,Electronics,North,5,1718,8590
188,2022-07-26,Headphones,Accessories,West,1,1416,1416
189,2022-01-15,Smartwatch,Electronics,South,8,1498,11984
190,2024-05-07,Phone,Electronics,East,1,620,620
191,2023-07-08,Printer,Office Supplies,West,4,1584,6336
192,2024-06-10,Mouse,Office Supplies,South,9,906,8154
193,2023-04-06,Keyboard,Office Supplies,West,9,1050,9450
194,2023-11-22,Camera,Office Supplies,South,5,1255,6275
195,2023-07-29,Laptop,Accessories,East,4,507,2028
196,2024-05-13,Keyboard,Office Supplies,West,3,967,2901
197,2024-01-13,Mouse,Accessories,West,3,1924,5772
198,2022-08-29,Keyboard,Office Supplies,North,5,882,4410
199,2023-07-18,Mouse,Accessories,East,1,1137,1137
200,2022-04-06,Mouse,Electronics,South,5,888,4440
201,2024-06-18,Monitor,Accessories,West,6,1333,7998
202,2024-01-04,Headphones,Accessories,West,7,242,1694
203,2023-04-30,Printer,Office Supplies,South,9,1728,15552
204,2023-02-11,Monitor,Accessories,East,3,665,1995
205,2022-08-19,Camera,Electronics,North,2,455,910
206,2024-01-19,Monitor,Electronics,North,3,1799,5397
207,2023-10-17,Tablet,Office Supplies,West,9,1827,16443
208,2022-06-20,Tablet,Electronics,South,7,992,6944
209,2023-06-25,Printer,Accessories,West,9,770,6930
210,2022-02-05,Keyboard,Electronics,South,2,142,284
211,2023-06-09,Headphones,Office Supplies,North,5,479,2395
212,2022-06-09,Printer,Accessories,East,4,703,2812
213,2024-04-18,Mouse,Office Supplies,South,2,1507,3014
214,2023-11-30,Phone,Accessories,North,9,1477,13293
215,2022-08-31,Headphones,Electronics,West,9,483,4347
216,2022-03-27,Headphones,Office Supplies,South,6,1185,7110
217,2024-03-06,Mouse,Office Supplies,East,6,424,2544
218,2023-08-01,Mouse,Accessories,West,8,1132,9056
219,2023-11-13,Laptop,Office Supplies,West,6,1116,6696
220,2023-07-11,Printer,Accessories,North,1,256,256
221,2023-07-28,Mouse,Accessories,South,4,829,3316
222,2024-08-10,Tablet,Accessories,West,7,1369,9583
223,2023-10-08,Camera,Accessories,East,2,1191,2382
224,2024-03-06,Phone,Electronics,South,9,581,5229
225,2022-01-28,Printer,Accessories,East,8,1295,10360
226,2023-09-12,Smartwatch,Office Supplies,West,8,215,1720
227,2023-07-10,Tablet,Electronics,East,7,692,4844
228,2022-12-06,Keyboard,Office Supplies,North,4,1229,4916
229,2024-03-08,Mouse,Electronics,East,2,1257,2514
230,2024-08-15,Smartwatch,Accessories,South,3,139,417
231,2022-11-27,Mouse,Electronics,East,6,1167,7002
232,2023-10-02,Headphones,Electronics,East,5,62,310
233,2023-05-21,Tablet,Office Supplies,North,8,1022,8176
234,2022-12-14,Headphones,Office Supplies,East,6,1907,11442
235,2023-04-18,Laptop,Accessories,East,6,854,5124
236,2022-08-19,Headphones,Electronics,West,1,994,994
237,2022-07-09,Laptop,Electronics,West,4,791,3164
238,2022-08-13,Laptop,Electronics,South,5,1907,9535
239,2023-01-20,Smartwatch,Accessories,West,3,1877,5631
240,2023-01-12,Mouse,Accessories,West,9,1511,13599
241,2022-10-10,Keyboard,Accessories,West,1,1611,1611
242,2024-08-15,Headphones,Accessories,West,6,1660,9960
243,2023-09-25,Tablet,Accessories,North,6,925,5550
244,2023-09-20,Laptop,Office Supplies,West,5,1884,9420
245,2024-08-30,Mouse,Electronics,North,5,1223,6115
246,2024-01-15,Phone,Electronics,North,5,709,3545
247,2022-09-16,Printer,Electronics,West,6,1081,6486
248,2022-12-25,Smartwatch,Electronics,East,8,1102,8816
249,2023-12-11,Keyboard,Electronics,North,2,345,690
250,2023-04-01,Monitor,Electronics,East,6,1035,6210
251,2023-02-15,Smartwatch,Electronics,East,1,975,975
252,2023-10-11,Phone,Electronics,West,4,1794,7176
253,2022-11-14,Printer,Office Supplies,South,3,689,2067
254,2023-11-08,Phone,Electronics,West,9,389,3501
255,2022-08-13,Headphones,Office Supplies,South,3,677,2031
256,2024-03-29,Laptop,Accessories,South,6,488,2928
257,2022-08-22,Keyboard,Electronics,West,1,1217,1217
258,2023-11-15,Camera,Accessories,West,6,991,5946
259,2023-10-26,Laptop,Accessories,South,4,879,3516
260,2024-09-01,Camera,Accessories,West,8,1820,14560
261,2024-04-06,Printer,Office Supplies,South,9,568,5112
262,2023-01-09,Mouse,Accessories,East,4,1025,4100
263,2023-11-03,Monitor,Accessories,West,6,1118,6708
264,2023-08-31,Tablet,Accessories,East,1,1004,1004
265,2023-04-17,Laptop,Electronics,North,4,1312,5248
266,2022-08-21,Keyboard,Electronics,East,7,1001,7007
267,2023-11-23,Phone,Office Supplies,East,1,993,993
268,2022-04-23,Keyboard,Office Supplies,South,8,204,1632
269,2024-04-09,Printer,Electronics,East,6,1254,7524
270,2023-05-12,Camera,Office Supplies,West,5,1288,6440
271,2023-03-18,Phone,Electronics,South,9,137,1233
272,2023-07-18,Tablet,Accessories,North,2,1329,2658
273,2022-09-25,Tablet,Accessories,West,5,1584,7920
274,2023-05-25,Laptop,Office Supplies,North,6,1146,6876
275,2024-03-17,Printer,Electronics,East,7,980,6860
276,2023-01-21,Mouse,Electronics,West,5,228,1140
277,2023-01-22,Printer,Office Supplies,West,9,261,2349
278,2022-04-23,Camera,Electronics,North,1,1878,1878
279,2023-09-05,Keyboard,Accessories,West,7,1307,9149
280,2023-09-17,Tablet,Office Supplies,West,7,514,3598
281,2024-08-09,Keyboard,Office Supplies,West,4,1824,7296
282,2022-03-22,Keyboard,Electronics,East,9,1296,11664
283,2023-11-30,Keyboard,Office Supplies,North,5,680,3400
284,2022-04-23,Tablet,Electronics,West,4,874,3496
285,2022-01-02,Smartwatch,Electronics,South,7,1337,9359
286,2023-10-04,Headphones,Electronics,South,4,1280,5120
287,2022-08-08,Camera,Electronics,South,3,656,1968
288,2023-07-20,Smartwatch,Electronics,South,9,934,8406
289,2024-05-04,Camera,Office Supplies,East,8,1807,14456
290,2024-09-23,Phone,Accessories,West,1,415,415
291,2024-01-06,Printer,Accessories,North,7,325,2275
292,2022-08-13,Printer,Office Supplies,West,9,429,3861
293,2023-01-20,Monitor,Office Supplies,East,8,1816,14528
294,2023-02-07,Printer,Accessories,South,8,1382,11056
295,2023-09-30,Tablet,Accessories,East,6,1704,10224
296,2022-05-10,Mouse,Accessories,West,4,1341,5364
297,2022-02-22,Laptop,Accessories,North,8,994,7952
298,2023-11-15,Monitor,Accessories,East,3,1858,5574
299,2023-12-31,Laptop,Electronics,North,9,1137,10233
300,2023-11-03,Camera,Office Supplies,East,2,859,1718
301,2023-12-11,Laptop,Electronics,North,2,1423,2846
302,2023-02-20,Laptop,Accessories,North,7,974,6818
303,2022-09-04,Monitor,Accessories,South,4,1988,7952
304,2024-04-15,Phone,Accessories,North,8,543,4344
305,2023-03-15,Keyboard,Electronics,South,9,1596,14364
306,2022-07-22,Printer,Electronics,West,7,1171,8197
307,2022-07-03,Printer,Accessories,West,5,1144,5720
308,2022-05-03,Tablet,Electronics,South,8,413,3304
309,2023-02-05,Monitor,Electronics,South,4,619,2476
310,2024-02-06,Tablet,Accessories,East,2,1875,3750
311,2022-10-21,Mouse,Electronics,East,6,812,4872
312,2022-10-07,Mouse,Office Supplies,East,9,325,2925
313,2024-04-16,Tablet,Office Supplies,West,1,99,99
314,2024-06-02,Monitor,Office Supplies,East,7,1431,10017
315,2023-09-02,Tablet,Office Supplies,North,9,777,6993
316,2022-07-17,Printer,Accessories,North,9,955,8595
317,2024-09-08,Smartwatch,Accessories,East,3,977,2931
318,2024-06-25,Headphones,Accessories,North,5,613,3065
319,2023-05-26,Laptop,Office Supplies,West,8,832,6656
320,2024-01-22,Headphones,Office Supplies,North,8,534,4272
321,2022-05-24,Monitor,Electronics,West,4,1157,4628
322,2023-09-01,Headphones,Electronics,South,1,1972,1972
323,2022-07-20,Mouse,Office Supplies,South,1,1878,1878
324,2022-05-04,Camera,Office Supplies,South,4,1711,6844
325,2022-07-06,Laptop,Office Supplies,South,6,1881,11286
326,2022-11-22,Keyboard,Office Supplies,North,8,633,5064
327,2023-04-09,Monitor,Electronics,East,6,1369,8214
328,2022-12-15,Laptop,Office Supplies,North,9,285,2565
329,2024-02-10,Headphones,Electronics,West,9,105,945
330,2023-10-22,Mouse,Office Supplies,North,2,1992,3984
331,2024-02-03,Phone,Office Supplies,North,1,409,409
332,2024-08-12,Smartwatch,Office Supplies,West,2,1980,3960
333,2024-07-20,Keyboard,Electronics,South,5,159,795
334,2023-02-07,Smartwatch,Electronics,South,4,241,964
335,2022-12-12,Laptop,Accessories,South,4,953,3812
336,2024-08-20,Mouse,Office Supplies,East,9,1166,10494
337,2023-05-26,Mouse,Accessories,West,8,911,7288
338,2022-05-27,Headphones,Accessories,West,6,617,3702
339,2022-05-28,Printer,Electronics,North,1,1133,1133
340,2024-05-13,Headphones,Electronics,East,2,699,1398
341,2023-12-12,Printer,Accessories,South,6,88,528
342,2024-03-30,Printer,Office Supplies,East,2,1613,3226
343,2023-05-04,Keyboard,Electronics,West,5,1122,5610
344,2024-07-17,Headphones,Office Supplies,West,5,1493,7465
345,2024-07-24,Phone,Office Supplies,North,6,686,4116
346,2023-10-02,Tablet,Accessories,North,6,1086,6516
347,2023-07-05,Tablet,Accessories,West,6,85,510
348,2022-12-04,Headphones,Accessories,South,2,150,300
349,2024-05-21,Headphones,Accessories,South,3,1867,5601
350,2023-10-03,Smartwatch,Electronics,East,6,1159,6954
351,2024-02-18,Keyboard,Electronics,West,8,1589,12712
352,2024-09-14,Headphones,Accessories,West,1,1296,1296
353,2024-08-10,Smartwatch,Electronics,South,1,1411,1411
354,2023-04-18,Printer,Accessories,South,2,215,430
355,2024-08-03,Mouse,Office Supplies,West,6,432,2592
356,2022-05-31,Mouse,Office Supplies,North,9,1929,17361
357,2023-02-19,Printer,Office Supplies,West,4,1968,7872
358,2024-09-16,Monitor,Accessories,West,3,1449,4347
359,2022-10-25,Smartwatch,Office Supplies,South,8,1544,12352
360,2023-09-03,Smartwatch,Electronics,South,9,839,7551
361,2022-09-20,Printer,Office Supplies,North,5,1715,8575
362,2024-02-03,Phone,Office Supplies,North,9,80,720
363,2022-05-24,Camera,Office Supplies,East,2,1448,2896
364,2022-12-12,Laptop,Electronics,West,3,60,180
365,2023-09-16,Printer,Accessories,South,7,1375,9625
366,2023-07-26,Headphones,Electronics,North,7,145,1015
367,2024-05-30,Headphones,Accessories,East,6,1263,7578
368,2022-01-02,Keyboard,Accessories,East,6,502,3012
369,2024-06-15,Printer,Office Supplies,South,2,241,482
370,2022-10-31,Keyboard,Accessories,South,6,535,3210
371,2022-09-11,Printer,Electronics,East,4,1339,5356
372,2023-10-14,Smartwatch,Electronics,North,3,1497,4491
373,2023-03-29,Laptop,Accessories,East,2,1201,2402
374,2022-02-06,Smartwatch,Office Supplies,West,1,287,287
375,2022-06-09,Camera,Office Supplies,West,5,1993,9965
376,2022-01-09,Mouse,Electronics,South,2,1428,2856
377,2022-08-21,Tablet,Office Supplies,North,2,1185,2370
378,2022-04-09,Printer,Accessories,North,7,1901,13307
379,2023-10-21,Camera,Accessories,West,8,1519,12152
380,2024-03-26,Mouse,Electronics,East,8,1416,11328
381,2022-07-27,Monitor,Accessories,South,4,1218,4872
382,2022-05-11,Laptop,Electronics,East,1,1138,1138
383,2023-02-08,Keyboard,Accessories,East,7,1320,9240
384,2022-06-01,Keyboard,Electronics,East,1,784,784
385,2022-02-23,Smartwatch,Office Supplies,North,4,1040,4160
386,2022-04-30,Headphones,Accessories,West,8,1563,12504
387,2023-11-04,Mouse,Accessories,North,2,874,1748
388,2024-07-08,Monitor,Electronics,West,6,1512,9072
389,2023-09-20,Camera,Electronics,South,6,155,930
390,2023-08-10,Laptop,Accessories,South,9,230,2070
391,2023-09-17,Mouse,Electronics,East,5,233,1165
392,2024-08-25,Monitor,Accessories,West,4,275,1100
393,2023-02-24,Tablet,Office Supplies,West,5,826,4130
394,2023-02-26,Printer,Electronics,West,5,839,4195
395,2022-04-14,Keyboard,Accessories,East,8,1982,15856
396,2024-05-01,Camera,Office Supplies,East,8,1162,9296
397,2022-09-11,Keyboard,Office Supplies,South,2,737,1474
398,2022-08-15,Camera,Accessories,North,7,579,4053
399,2022-04-22,Smartwatch,Electronics,West,8,1444,11552
400,2023-05-25,Headphones,Accessories,West,6,1021,6126
401,2023-04-18,Camera,Office Supplies,North,5,985,4925
402,2022-04-09,Keyboard,Accessories,West,9,1986,17874
403,2022-06-02,Smartwatch,Electronics,East,3,1472,4416
404,2024-05-10,Camera,Office Supplies,East,4,155,620
405,2024-07-02,Tablet,Accessories,West,9,1344,12096
406,2024-06-14,Headphones,Electronics,East,6,880,5280
407,2024-05-27,Camera,Office Supplies,East,8,1576,12608
408,2022-12-04,Smartwatch,Electronics,West,7,728,5096
409,2023-12-07,Mouse,Office Supplies,South,2,1598,3196
410,2024-04-01,Phone,Accessories,North,3,898,2694
411,2022-06-12,Monitor,Electronics,East,1,1105,1105
412,2023-12-21,Phone,Office Supplies,South,9,442,3978
413,2024-08-14,Phone,Electronics,East,7,89,623
414,2023-11-12,Laptop,Electronics,East,1,709,709
415,2024-09-22,Tablet,Accessories,North,3,1291,3873
416,2022-06-10,Mouse,Electronics,East,4,1804,7216
417,2023-08-03,Printer,Office Supplies,North,4,1030,4120
418,2024-03-11,Camera,Office Supplies,North,5,1155,5775
419,2023-02-02,Monitor,Office Supplies,North,3,894,2682
420,2022-10-04,Headphones,Office Supplies,South,3,1793,5379
421,2024-03-26,Mouse,Accessories,West,1,250,250
422,2024-07-04,Keyboard,Electronics,South,7,496,3472
423,2023-05-19,Printer,Accessories,West,1,1917,1917
424,2024-06-14,Laptop,Electronics,West,2,1501,3002
425,2023-01-27,Laptop,Electronics,North,4,1111,4444
426,2022-05-15,Mouse,Electronics,East,4,1284,5136
427,2022-07-14,Smartwatch,Accessories,North,5,493,2465
428,2023-02-05,Phone,Electronics,East,2,1400,2800
429,2023-10-02,Keyboard,Accessories,West,4,810,3240
430,2022-02-02,Laptop,Office Supplies,North,1,276,276
431,2023-11-19,Monitor,Office Supplies,East,2,97,194
432,2023-04-05,Laptop,Electronics,South,1,1091,1091
433,2024-08-12,Headphones,Accessories,East,4,961,3844
434,2024-06-01,Camera,Office Supplies,North,4,1512,6048
435,2023-04-15,Laptop,Accessories,South,7,1880,13160
436,2023-01-10,Headphones,Accessories,East,9,1781,16029
437,2022-01-22,Mouse,Electronics,East,9,236,2124
438,2024-01-20,Mouse,Office Supplies,East,5,394,1970
439,2023-11-01,Printer,Electronics,East,1,273,273
440,2022-02-07,Laptop,Electronics,East,1,879,879
441,2022-08-18,Monitor,Office Supplies,South,6,537,3222
442,2022-12-31,Laptop,Office Supplies,West,2,1982,3964
443,2023-07-17,Monitor,Accessories,South,8,926,7408
444,2023-03-14,Tablet,Office Supplies,South,9,898,8082
445,2024-02-15,Printer,Accessories,South,4,1302,5208
446,2022-10-10,Tablet,Accessories,West,5,1463,7315
447,2022-01-27,Laptop,Accessories,North,8,1028,8224
448,2022-08-14,Printer,Office Supplies,West,3,1662,4986
449,2022-10-04,Tablet,Electronics,South,5,1066,5330
450,2024-03-08,Phone,Accessories,East,3,237,711
451,2023-09-01,Laptop,Electronics,East,3,1931,5793
452,2022-10-11,Tablet,Electronics,South,3,319,957
453,2024-05-28,Phone,Office Supplies,East,7,1680,11760
454,2024-08-17,Phone,Electronics,South,7,359,2513
455,2023-04-26,Mouse,Electronics,East,7,1205,8435
456,2023-03-29,Laptop,Office Supplies,West,8,1624,12992
457,2024-04-08,Phone,Accessories,North,5,1145,5725
458,2024-03-26,Mouse,Electronics,North,5,1866,9330
459,2023-10-21,Tablet,Office Supplies,West,4,894,3576
460,2023-05-31,Headphones,Electronics,West,7,1745,12215
461,2023-07-01,Laptop,Electronics,South,4,1260,5040
462,2022-07-11,Printer,Accessories,South,2,535,1070
463,2022-02-18,Monitor,Electronics,South,4,1264,5056
464,2023-05-27,Monitor,Office Supplies,East,8,1495,11960
465,2022-01-17,Tablet,Electronics,South,9,169,1521
466,2022-06-21,Smartwatch,Accessories,West,3,269,807
467,2022-08-08,Smartwatch,Accessories,North,7,102,714
468,2022-06-07,Tablet,Office Supplies,East,9,1807,16263
469,2023-04-22,Phone,Accessories,South,4,1524,6096
470,2022-02-15,Laptop,Electronics,East,3,1485,4455
471,2023-01-08,Monitor,Accessories,East,5,1716,8580
472,2023-06-02,Monitor,Office Supplies,South,1,1310,1310
473,2022-04-09,Phone,Accessories,East,3,807,2421
474,2024-06-10,Monitor,Accessories,North,8,787,6296
475,2024-01-15,Printer,Accessories,West,8,769,6152
476,2022-02-06,Laptop,Office Supplies,West,4,455,1820
477,2022-10-07,Camera,Accessories,North,2,657,1314
478,2022-12-15,Monitor,Accessories,East,8,1070,8560
479,2023-05-12,Tablet,Electronics,South,8,471,3768
480,2022-10-29,Printer,Office Supplies,East,4,761,3044
481,2022-06-30,Monitor,Accessories,North,3,296,888
482,2023-08-30,Printer,Office Supplies,East,2,121,242
483,2022-04-09,Mouse,Accessories,West,9,1903,17127
484,2023-12-01,Camera,Accessories,East,1,234,234
485,2024-09-19,Keyboard,Accessories,North,7,55,385
486,2022-04-26,Tablet,Electronics,West,5,1279,6395
487,2022-07-10,Tablet,Electronics,East,8,1617,12936
488,2022-09-10,Laptop,Electronics,East,4,1684,6736
489,2024-09-07,Printer,Office Supplies,West,7,955,6685
490,2024-07-16,Phone,Office Supplies,South,5,436,2180
491,2024-09-09,Tablet,Electronics,West,5,1841,9205
492,2022-06-10,Printer,Office Supplies,South,9,748,6732
493,2022-09-13,Printer,Accessories,North,9,1149,10341
494,2022-11-19,Headphones,Accessories,North,9,1250,11250
495,2022-05-08,Headphones,Accessories,West,6,876,5256
496,2022-01-18,Keyboard,Electronics,West,6,1872,11232
497,2024-03-03,Mouse,Office Supplies,North,5,398,1990
498,2024-01-05,Keyboard,Electronics,South,9,1328,11952
499,2023-07-20,Monitor,Office Supplies,North,8,1910,15280
500,2023-07-24,Phone,Accessories,West,7,1775,12425
501,2022-11-19,Monitor,Electronics,North,7,357,2499
502,2024-05-21,Smartwatch,Office Supplies,West,6,1418,8508
503,2023-11-17,Monitor,Office Supplies,West,5,1200,6000
504,2024-03-02,Laptop,Accessories,North,4,336,1344
505,2023-09-18,Monitor,Electronics,South,3,815,2445
506,2022-10-15,Keyboard,Electronics,East,3,774,2322
507,2024-07-31,Tablet,Electronics,North,6,811,4866
508,2024-05-03,Tablet,Accessories,East,4,1669,6676
509,2023-10-25,Headphones,Electronics,North,6,1560,9360
510,2024-08-19,Phone,Accessories,East,3,432,1296
511,2023-10-01,Phone,Accessories,South,4,1479,5916
512,2022-06-04,Laptop,Accessories,South,9,437,3933
513,2023-05-05,Keyboard,Office Supplies,North,5,574,2870
514,2023-01-21,Headphones,Electronics,West,7,1630,11410
515,2024-09-12,Smartwatch,Electronics,East,2,688,1376
516,2024-02-24,Phone,Accessories,West,5,987,4935
517,2022-04-14,Tablet,Accessories,West,9,1699,15291
518,2024-07-17,Monitor,Electronics,West,3,325,975
519,2023-01-28,Monitor,Accessories,South,9,549,4941
520,2024-03-21,Headphones,Electronics,North,6,766,4596
521,2022-09-03,Keyboard,Office Supplies,North,4,386,1544
522,2022-06-25,Keyboard,Accessories,South,7,981,6867
523,2022-02-08,Mouse,Electronics,South,8,530,4240
524,2023-04-22,Camera,Accessories,North,6,1970,11820
525,2023-11-13,Phone,Electronics,West,5,960,4800
526,2024-01-29,Keyboard,Electronics,East,6,1346,8076
527,2023-06-22,Tablet,Accessories,East,5,1993,9965
528,2024-05-16,Headphones,Office Supplies,East,8,1131,9048
529,2024-03-28,Smartwatch,Electronics,West,1,1401,1401
530,2024-07-09,Mouse,Electronics,North,7,1804,12628
531,2023-02-12,Printer,Electronics,South,2,158,316
532,2023-06-09,Laptop,Office Supplies,North,9,1352,12168
533,2024-04-07,Smartwatch,Office Supplies,West,1,1759,1759
534,2023-05-21,Printer,Accessories,South,6,377,2262
535,2024-06-21,Monitor,Office Supplies,West,9,1849,16641
536,2024-04-04,Laptop,Accessories,East,1,364,364
537,2022-02-05,Phone,Accessories,East,4,1547,6188
538,2023-11-16,Tablet,Office Supplies,West,4,1184,4736
539,2022-01-20,Laptop,Accessories,South,9,748,6732
540,2022-11-17,Camera,Office Supplies,South,5,830,4150
541,2024-02-15,Printer,Accessories,North,5,1302,6510
542,2023-05-27,Phone,Office Supplies,East,6,1570,9420
543,2023-02-04,Camera,Office Supplies,North,1,205,205
544,2023-10-16,Monitor,Accessories,North,1,1546,1546
545,2024-08-29,Camera,Electronics,West,9,1774,15966
546,2024-06-01,Mouse,Accessories,West,3,1345,4035
547,2023-04-16,Mouse,Office Supplies,North,4,936,3744
548,2022-05-23,Headphones,Electronics,East,1,1075,1075
549,2022-04-02,Smartwatch,Accessories,West,9,807,7263
550,2022-12-20,Smartwatch,Accessories,North,8,771,6168
551,2024-04-13,Phone,Accessories,North,2,1584,3168
552,2024-03-10,Monitor,Electronics,North,8,962,7696
553,2023-12-28,Keyboard,Office Supplies,North,7,1359,9513
554,2024-08-16,Mouse,Accessories,North,6,920,5520
555,2024-05-03,Phone,Accessories,North,1,62,62
556,2022-02-20,Keyboard,Accessories,West,7,657,4599
557,2023-10-27,Smartwatch,Accessories,East,7,547,3829
558,2023-11-29,Headphones,Accessories,North,9,1806,16254
559,2023-07-29,Camera,Office Supplies,South,1,287,287
560,2022-07-09,Mouse,Office Supplies,West,2,1167,2334
561,2022-05-05,Phone,Accessories,West,9,1411,12699
562,2022-05-30,Laptop,Electronics,North,9,830,7470
563,2022-11-10,Keyboard,Office Supplies,West,6,1244,7464
564,2023-07-24,Camera,Electronics,North,6,655,3930
565,2022-12-08,Mouse,Office Supplies,East,4,710,2840
566,2022-11-01,Smartwatch,Accessories,East,4,1697,6788
567,2023-11-23,Monitor,Office Supplies,West,5,1640,8200
568,2023-11-13,Keyboard,Accessories,West,3,898,2694
569,2024-04-17,Smartwatch,Office Supplies,South,1,985,985
570,2024-02-22,Mouse,Accessories,West,1,1540,1540
571,2022-02-23,Keyboard,Accessories,South,7,677,4739
572,2023-03-20,Camera,Accessories,East,1,192,192
573,2023-09-05,Mouse,Accessories,East,1,1274,1274
574,2024-09-19,Printer,Electronics,North,3,1253,3759
575,2022-09-21,Phone,Accessories,East,4,763,3052
576,2022-02-22,Camera,Electronics,South,4,1437,5748
577,2023-07-26,Keyboard,Electronics,West,2,528,1056
578,2023-09-12,Monitor,Accessories,North,1,614,614
579,2022-01-05,Smartwatch,Electronics,South,3,520,1560
580,2022-04-13,Laptop,Office Supplies,West,4,433,1732
581,2022-07-15,Smartwatch,Accessories,North,3,1765,5295
582,2024-02-13,Keyboard,Electronics,East,8,975,7800
583,2024-05-26,Smartwatch,Accessories,South,1,466,466
584,2024-09-18,Phone,Accessories,West,2,1898,3796
585,2024-06-02,Mouse,Accessories,North,7,357,2499
586,2022-12-16,Laptop,Electronics,North,4,698,2792
587,2022-02-16,Tablet,Office Supplies,East,8,1767,14136
588,2024-05-16,Keyboard,Office Supplies,West,3,1440,4320
589,2024-04-02,Headphones,Electronics,East,6,1074,6444
590,2024-07-24,Tablet,Accessories,East,9,1117,10053
591,2024-03-30,Smartwatch,Electronics,West,1,788,788
592,2023-10-18,Keyboard,Electronics,West,1,1916,1916
593,2022-09-26,Printer,Electronics,West,8,1171,9368
594,2023-01-05,Headphones,Accessories,South,3,1793,5379
595,2023-09-28,Laptop,Electronics,West,5,1338,6690
596,2022-04-16,Monitor,Accessories,North,1,1873,1873
597,2023-11-01,Printer,Electronics,East,5,1856,9280
598,2023-10-21,Tablet,Office Supplies,South,6,189,1134
599,2023-10-19,Mouse,Electronics,West,8,1554,12432
600,2022-04-30,Phone,Electronics,South,3,1310,3930
601,2024-04-10,Monitor,Office Supplies,West,3,1023,3069
602,2024-02-26,Printer,Accessories,South,9,1066,9594
603,2023-08-27,Mouse,Accessories,East,4,1002,4008
604,2022-02-27,Mouse,Electronics,East,4,953,3812
605,2024-08-08,Keyboard,Office Supplies,North,7,121,847
606,2022-12-12,Printer,Accessories,North,2,1740,3480
607,2024-01-11,Laptop,Electronics,West,8,1263,10104
608,2023-04-19,Smartwatch,Office Supplies,East,6,1341,8046
609,2022-04-27,Headphones,Accessories,South,3,1394,4182
610,2024-04-09,Headphones,Accessories,South,9,156,1404
611,2024-03-01,Tablet,Office Supplies,South,5,1305,6525
612,2022-05-07,Tablet,Office Supplies,North,8,1115,8920
613,2023-01-28,Headphones,Office Supplies,South,7,1775,12425
614,2024-06-26,Laptop,Office Supplies,North,8,932,7456
615,2023-10-03,Phone,Electronics,North,7,188,1316
616,2022-02-27,Camera,Office Supplies,West,3,664,1992
617,2023-09-26,Smartwatch,Accessories,South,2,1756,3512
618,2023-05-28,Phone,Accessories,South,7,912,6384
619,2024-01-21,Keyboard,Electronics,East,3,322,966
620,2024-03-12,Camera,Accessories,West,3,1554,4662
621,2022-04-06,Camera,Accessories,East,2,465,930
622,2023-09-30,Printer,Office Supplies,West,4,555,2220
623,2022-04-28,Laptop,Accessories,South,8,782,6256
624,2023-07-14,Laptop,Electronics,North,1,1798,1798
625,2023-08-24,Camera,Office Supplies,North,1,1926,1926
626,2023-05-03,Printer,Office Supplies,North,5,473,2365
627,2022-08-25,Smartwatch,Electronics,North,5,1480,7400
628,2024-06-03,Camera,Office Supplies,North,1,1641,1641
629,2024-06-15,Monitor,Office Supplies,East,6,439,2634
630,2022-09-29,Tablet,Electronics,West,1,391,391
631,2022-07-08,Tablet,Office Supplies,South,5,995,4975
632,2024-09-25,Phone,Electronics,East,9,663,5967
633,2023-12-05,Keyboard,Electronics,West,5,542,2710
634,2023-03-23,Tablet,Accessories,North,6,241,1446
635,2023-08-04,Mouse,Accessories,West,8,548,4384
636,2024-02-29,Phone,Office Supplies,West,1,871,871
637,2024-05-10,Tablet,Office Supplies,North,2,1785,3570
638,2022-09-04,Keyboard,Electronics,North,9,1306,11754
639,2024-08-20,Laptop,Office Supplies,North,3,276,828
640,2022-03-17,Laptop,Electronics,South,6,1444,8664
641,2022-06-03,Smartwatch,Electronics,North,5,188,940
642,2023-10-18,Camera,Office Supplies,South,2,905,1810
643,2023-03-11,Monitor,Electronics,North,7,866,6062
644,2024-09-23,Laptop,Accessories,South,4,1222,4888
645,2022-03-27,Printer,Office Supplies,West,1,1188,1188
646,2023-11-28,Tablet,Accessories,East,4,1523,6092
647,2022-10-12,Printer,Office Supplies,West,6,1136,6816
648,2024-08-31,Keyboard,Electronics,West,7,153,1071
649,2022-08-08,Laptop,Office Supplies,North,7,1924,13468
650,2022-03-10,Monitor,Accessories,South,7,920,6440
651,2022-02-16,Keyboard,Electronics,East,3,717,2151
652,2022-04-04,Mouse,Office Supplies,North,6,322,1932
653,2024-01-20,Mouse,Office Supplies,North,8,1079,8632
654,2024-08-15,Printer,Office Supplies,North,4,1220,4880
655,2023-03-29,Camera,Accessories,West,8,233,1864
656,2022-07-23,Phone,Accessories,South,2,1101,2202
657,2024-06-30,Camera,Office Supplies,South,9,1623,14607
658,2022-08-06,Smartwatch,Electronics,East,9,1192,10728
659,2023-04-19,Camera,Electronics,South,8,342,2736
660,2023-03-08,Smartwatch,Accessories,South,1,1444,1444
661,2022-12-07,Smartwatch,Electronics,North,2,1317,2634
662,2023-07-05,Monitor,Accessories,North,6,1653,9918
663,2023-09-04,Laptop,Office Supplies,West,5,1799,8995
664,2022-10-16,Monitor,Accessories,North,9,1291,11619
665,2022-09-11,Smartwatch,Accessories,North,5,226,1130
666,2024-01-04,Keyboard,Office Supplies,North,2,1372,2744
667,2022-12-23,Mouse,Electronics,North,4,1749,6996
668,2022-01-23,Smartwatch,Accessories,West,9,107,963
669,2024-02-01,Monitor,Accessories,North,1,1342,1342
670,2023-06-06,Keyboard,Office Supplies,East,1,357,357
671,2024-01-28,Monitor,Electronics,East,7,1643,11501
672,2024-04-16,Camera,Accessories,East,3,1361,4083
673,2022-04-10,Tablet,Office Supplies,East,2,1026,2052
674,2024-03-12,Printer,Accessories,North,9,1178,10602
675,2022-06-29,Phone,Office Supplies,East,3,1301,3903
676,2022-08-11,Monitor,Electronics,North,2,1320,2640
677,2024-06-24,Phone,Electronics,West,8,749,5992
678,2024-02-01,Headphones,Electronics,East,6,1567,9402
679,2023-10-21,Monitor,Electronics,South,6,132,792
680,2023-03-18,Tablet,Accessories,East,7,1259,8813
681,2023-08-31,Phone,Accessories,East,7,301,2107
682,2024-02-08,Smartwatch,Electronics,North,6,1428,8568
683,2022-11-21,Monitor,Electronics,East,4,1823,7292
684,2023-05-31,Laptop,Electronics,South,9,1945,17505
685,2022-01-16,Printer,Accessories,North,6,1769,10614
686,2024-03-02,Tablet,Electronics,North,4,845,3380
687,2022-12-02,Phone,Electronics,West,3,946,2838
688,2024-01-29,Tablet,Electronics,West,4,259,1036
689,2022-09-15,Keyboard,Office Supplies,East,3,865,2595
690,2023-05-12,Printer,Electronics,West,2,1881,3762
691,2024-09-14,Smartwatch,Office Supplies,West,5,658,3290
692,2024-06-14,Monitor,Office Supplies,West,2,496,992
693,2022-06-09,Monitor,Electronics,North,6,509,3054
694,2023-04-20,Monitor,Office Supplies,North,3,1017,3051
695,2024-05-01,Printer,Electronics,North,6,521,3126
696,2023-10-26,Laptop,Accessories,West,9,1793,16137
697,2024-06-26,Headphones,Accessories,North,1,419,419
698,2023-11-21,Mouse,Accessories,West,6,949,5694
699,2023-11-06,Camera,Accessories,North,9,1565,14085
700,2023-01-15,Phone,Office Supplies,North,4,972,3888
701,2023-06-29,Laptop,Electronics,South,2,186,372
702,2024-07-17,Smartwatch,Electronics,East,4,416,1664
703,2024-08-14,Phone,Electronics,West,1,961,961
704,2023-11-22,Monitor,Accessories,South,3,233,699
705,2023-03-03,Tablet,Accessories,North,9,1661,14949
706,2023-09-05,Smartwatch,Electronics,West,5,1360,6800
707,2022-09-25,Phone,Accessories,North,6,521,3126
708,2024-04-14,Monitor,Electronics,East,3,1448,4344
709,2023-07-31,Phone,Electronics,South,5,703,3515
710,2023-02-21,Tablet,Electronics,East,8,798,6384
711,2022-06-17,Monitor,Electronics,South,6,586,3516
712,2024-04-21,Headphones,Electronics,North,4,1584,6336
713,2022-02-12,Laptop,Electronics,East,2,851,1702
714,2023-07-10,Keyboard,Electronics,East,9,1652,14868
715,2022-10-12,Camera,Accessories,North,1,1323,1323
716,2023-02-01,Printer,Electronics,East,1,969,969
717,2022-01-12,Camera,Electronics,West,4,559,2236
718,2023-08-30,Smartwatch,Accessories,South,7,679,4753
719,2022-10-29,Camera,Accessories,South,1,1051,1051
720,2024-06-16,Monitor,Accessories,South,9,1146,10314
721,2022-09-10,Headphones,Electronics,West,4,1355,5420
722,2023-05-14,Keyboard,Office Supplies,South,3,965,2895
723,2024-01-24,Laptop,Office Supplies,North,1,1433,1433
724,2022-02-04,Laptop,Accessories,East,4,1083,4332
725,2023-12-28,Tablet,Office Supplies,West,9,1284,11556
726,2024-04-28,Printer,Accessories,South,6,1908,11448
727,2022-03-31,Phone,Electronics,North,6,201,1206
728,2024-02-15,Headphones,Office Supplies,East,1,1078,1078
729,2023-08-28,Phone,Electronics,East,2,1268,2536
730,2024-07-10,Keyboard,Office Supplies,West,6,1356,8136
731,2024-08-27,Camera,Electronics,West,2,513,1026
732,2023-08-25,Laptop,Office Supplies,West,3,1186,3558
733,2023-02-22,Keyboard,Electronics,North,4,320,1280
734,2022-04-25,Camera,Electronics,North,5,1236,6180
735,2023-09-09,Laptop,Office Supplies,West,9,509,4581
736,2024-06-21,Camera,Electronics,South,4,154,616
737,2022-07-15,Printer,Electronics,East,9,1766,15894
738,2024-04-05,Headphones,Electronics,East,3,1629,4887
739,2023-05-16,Smartwatch,Office Supplies,North,8,1355,10840
740,2023-09-18,Keyboard,Office Supplies,East,1,1760,1760
741,2023-05-08,Keyboard,Electronics,South,9,211,1899
742,2022-03-16,Mouse,Electronics,East,9,400,3600
743,2023-02-17,Monitor,Office Supplies,North,2,483,966
744,2023-01-11,Printer,Office Supplies,North,4,901,3604
745,2023-02-24,Printer,Electronics,South,8,189,1512
746,2023-12-30,Phone,Electronics,South,7,1544,10808
747,2022-10-04,Camera,Electronics,East,1,1205,1205
748,2024-01-31,Monitor,Accessories,East,5,136,680
749,2023-11-07,Headphones,Office Supplies,North,7,1761,12327
750,2023-01-29,Headphones,Accessories,South,4,232,928
751,2024-05-18,Printer,Office Supplies,South,1,417,417
752,2023-04-02,Headphones,Office Supplies,South,9,178,1602
753,2024-07-08,Mouse,Office Supplies,East,5,1319,6595
754,2022-07-11,Keyboard,Office Supplies,South,2,1674,3348
755,2024-01-09,Tablet,Office Supplies,North,8,1651,13208
756,2023-11-20,Smartwatch,Office Supplies,North,2,719,1438
757,2022-04-09,Phone,Office Supplies,East,3,1972,5916
758,2023-07-02,Camera,Accessories,West,1,1451,1451
759,2024-09-04,Smartwatch,Electronics,East,2,198,396
760,2024-09-25,Camera,Electronics,West,7,1034,7238
761,2022-04-06,Laptop,Accessories,South,2,901,1802
762,2023-10-26,Smartwatch,Accessories,East,6,1506,9036
763,2023-10-25,Tablet,Accessories,North,3,677,2031
764,2022-07-09,Printer,Accessories,South,4,1799,7196
765,2024-01-06,Mouse,Office Supplies,North,8,1542,12336
766,2022-02-06,Keyboard,Electronics,South,3,495,1485
767,2024-02-19,Keyboard,Office Supplies,East,6,1554,9324
768,2023-01-04,Mouse,Electronics,West,1,933,933
769,2023-11-26,Monitor,Electronics,South,7,343,2401
770,2023-06-09,Laptop,Accessories,West,8,1838,14704
771,2022-10-06,Camera,Office Supplies,South,8,1216,9728
772,2022-08-05,Tablet,Accessories,North,3,299,897
773,2024-05-16,Headphones,Office Supplies,North,1,927,927
774,2024-05-22,Smartwatch,Electronics,South,9,997,8973
775,2024-03-08,Laptop,Accessories,West,6,1024,6144
776,2022-09-30,Smartwatch,Accessories,East,9,1375,12375
777,2024-05-30,Tablet,Electronics,East,7,1098,7686
778,2022-03-03,Phone,Electronics,North,1,838,838
779,2023-08-19,Phone,Electronics,East,1,1033,1033
780,2024-05-29,Laptop,Accessories,North,6,938,5628
781,2023-12-30,Printer,Office Supplies,East,5,939,4695
782,2022-12-08,Tablet,Accessories,South,9,1974,17766
783,2023-02-01,Tablet,Office Supplies,North,2,119,238
784,2023-11-30,Mouse,Accessories,North,8,674,5392
785,2022-01-19,Printer,Accessories,South,5,924,4620
786,2022-06-26,Camera,Electronics,North,2,1185,2370
787,2023-09-04,Camera,Office Supplies,East,6,1437,8622
788,2023-01-31,Headphones,Accessories,East,8,1376,11008
789,2023-03-21,Keyboard,Accessories,North,4,520,2080
790,2022-08-21,Phone,Electronics,East,2,140,280
791,2024-07-03,Camera,Electronics,West,5,579,2895
792,2022-03-17,Printer,Office Supplies,North,2,710,1420
793,2022-09-22,Tablet,Accessories,South,2,788,1576
794,2023-03-31,Camera,Office Supplies,West,6,775,4650
795,2024-03-06,Tablet,Accessories,North,9,921,8289
796,2023-12-19,Camera,Office Supplies,South,4,1736,6944
797,2024-01-05,Phone,Electronics,East,6,241,1446
798,2023-01-19,Smartwatch,Accessories,South,7,1625,11375
799,2023-07-18,Camera,Office Supplies,West,6,1315,7890
800,2024-04-30,Printer,Electronics,East,8,187,1496
801,2023-05-21,Camera,Electronics,North,4,394,1576
802,2023-01-02,Keyboard,Office Supplies,East,1,1253,1253
803,2022-05-24,Phone,Accessories,North,7,1058,7406
804,2024-06-03,Printer,Accessories,North,3,1785,5355
805,2022-03-10,Mouse,Electronics,South,6,552,3312
806,2022-04-09,Printer,Accessories,South,2,252,504
807,2023-01-31,Keyboard,Accessories,South,9,622,5598
808,2022-01-25,Smartwatch,Accessories,West,1,241,241
809,2024-08-05,Phone,Electronics,West,6,54,324
810,2024-06-09,Mouse,Office Supplies,South,6,1963,11778
811,2023-04-14,Keyboard,Accessories,West,5,1310,6550
812,2023-04-29,Keyboard,Electronics,East,5,1766,8830
813,2023-07-19,Laptop,Electronics,East,1,360,360
814,2022-05-31,Phone,Office Supplies,West,5,598,2990
815,2022-05-24,Printer,Accessories,West,2,105,210
816,2023-07-23,Tablet,Accessories,East,7,492,3444
817,2022-02-08,Smartwatch,Office Supplies,North,3,1310,3930
818,2022-04-19,Tablet,Office Supplies,East,4,919,3676
819,2023-11-24,Printer,Electronics,East,3,1934,5802
820,2022-02-11,Printer,Electronics,West,3,1270,3810
821,2022-07-05,Phone,Office Supplies,East,4,634,2536
822,2024-07-23,Printer,Accessories,West,5,1644,8220
823,2023-02-02,Laptop,Electronics,West,1,801,801
824,2022-08-11,Mouse,Electronics,South,4,1587,6348
825,2023-09-26,Printer,Accessories,East,8,1522,12176
826,2022-05-13,Tablet,Electronics,North,7,409,2863
827,2022-06-12,Printer,Accessories,South,9,1773,15957
828,2022-08-03,Laptop,Accessories,West,5,868,4340
829,2024-01-03,Camera,Accessories,West,4,79,316
830,2022-08-23,Camera,Office Supplies,North,8,1852,14816
831,2024-04-22,Keyboard,Office Supplies,West,9,157,1413
832,2023-10-20,Smartwatch,Office Supplies,East,7,893,6251
833,2024-01-21,Headphones,Accessories,South,7,1675,11725
834,2023-08-11,Mouse,Accessories,West,5,766,3830
835,2022-01-09,Monitor,Office Supplies,West,4,940,3760
836,2022-03-15,Keyboard,Electronics,North,1,1009,1009
837,2024-08-11,Smartwatch,Accessories,East,7,1518,10626
838,2023-05-07,Camera,Electronics,West,1,942,942
839,2024-07-01,Tablet,Electronics,North,1,1511,1511
840,2022-09-10,Monitor,Accessories,West,5,781,3905
841,2022-08-18,Smartwatch,Accessories,North,9,1963,17667
842,2023-06-03,Smartwatch,Electronics,North,6,655,3930
843,2022-06-23,Keyboard,Electronics,East,3,506,1518
844,2023-10-15,Monitor,Office Supplies,West,3,664,1992
845,2022-06-17,Phone,Office Supplies,East,7,1808,12656
846,2022-06-19,Headphones,Accessories,North,6,747,4482
847,2023-01-28,Phone,Office Supplies,South,9,1769,15921
848,2024-08-03,Monitor,Office Supplies,West,6,1568,9408
849,2024-03-05,Phone,Office Supplies,South,5,723,3615
850,2023-09-26,Laptop,Office Supplies,West,7,1320,9240
851,2022-07-13,Camera,Electronics,East,1,592,592
852,2023-06-01,Laptop,Accessories,East,7,1637,11459
853,2022-01-29,Printer,Office Supplies,East,3,906,2718
854,2022-06-14,Phone,Electronics,East,9,1661,14949
855,2023-02-26,Printer,Electronics,East,6,946,5676
856,2022-12-05,Tablet,Electronics,South,9,1512,13608
857,2023-10-10,Mouse,Office Supplies,East,5,327,1635
858,2023-05-11,Tablet,Office Supplies,North,7,601,4207
859,2022-12-31,Monitor,Accessories,North,4,1686,6744
860,2024-04-12,Smartwatch,Office Supplies,South,7,160,1120
861,2022-12-08,Camera,Office Supplies,West,1,434,434
862,2023-05-15,Phone,Electronics,North,7,1906,13342
863,2023-10-19,Keyboard,Accessories,West,8,810,6480
864,2023-05-26,Mouse,Office Supplies,South,5,1264,6320
865,2022-11-23,Headphones,Office Supplies,West,2,1563,3126
866,2022-08-05,Headphones,Electronics,West,5,743,3715
867,2022-10-28,Headphones,Electronics,West,6,1499,8994
868,2022-05-12,Phone,Office Supplies,West,2,454,908
869,2024-03-14,Headphones,Accessories,South,6,1408,8448
870,2022-03-11,Laptop,Accessories,North,6,1282,7692
871,2022-09-09,Mouse,Electronics,East,1,71,71
872,2023-02-19,Laptop,Electronics,West,1,727,727
873,2024-02-26,Smartwatch,Office Supplies,North,3,660,1980
874,2023-03-21,Mouse,Electronics,North,3,1281,3843
875,2024-05-25,Laptop,Office Supplies,South,4,57,228
876,2022-07-01,Mouse,Accessories,North,2,751,1502
877,2022-06-16,Smartwatch,Accessories,South,9,1760,15840
878,2022-04-01,Printer,Office Supplies,West,7,1858,13006
879,2023-12-15,Phone,Electronics,West,7,578,4046
880,2024-05-07,Phone,Accessories,East,6,651,3906
881,2023-06-15,Headphones,Electronics,East,3,1726,5178
882,2022-02-08,Tablet,Accessories,East,6,706,4236
883,2022-05-06,Headphones,Office Supplies,North,8,215,1720
884,2023-03-27,Monitor,Office Supplies,West,8,898,7184
885,2022-06-22,Laptop,Office Supplies,South,9,545,4905
886,2023-10-15,Mouse,Accessories,East,1,639,639
887,2024-01-24,Tablet,Electronics,South,1,478,478
888,2022-08-08,Smartwatch,Electronics,South,3,823,2469
889,2023-09-30,Monitor,Electronics,East,3,212,636
890,2022-02-27,Smartwatch,Accessories,West,8,415,3320
891,2023-10-22,Phone,Accessories,East,1,1599,1599
892,2023-04-21,Phone,Accessories,South,2,1312,2624
893,2023-04-01,Headphones,Accessories,East,2,121,242
894,2024-04-08,Laptop,Accessories,South,3,1518,4554
895,2024-06-13,Tablet,Electronics,South,6,704,4224
896,2022-12-27,Camera,Accessories,East,1,1895,1895
897,2024-07-23,Monitor,Accessories,North,2,1582,3164
898,2022-01-01,Monitor,Electronics,East,1,1868,1868
899,2023-01-22,Headphones,Accessories,North,5,318,1590
900,2024-08-30,Phone,Electronics,South,7,1826,12782
901,2022-12-14,Headphones,Electronics,South,8,464,3712
902,2022-07-09,Mouse,Office Supplies,North,1,1318,1318
903,2023-05-20,Tablet,Office Supplies,South,7,1065,7455
904,2022-07-10,Laptop,Office Supplies,North,5,724,3620
905,2023-05-23,Printer,Office Supplies,North,1,1133,1133
906,2023-01-04,Keyboard,Accessories,South,3,55,165
907,2023-02-13,Keyboard,Office Supplies,West,7,1782,12474
908,2024-04-03,Headphones,Electronics,North,1,1031,1031
909,2024-07-17,Mouse,Accessories,East,7,619,4333
910,2024-07-22,Tablet,Office Supplies,East,5,1890,9450
911,2022-04-27,Camera,Electronics,South,1,456,456
912,2022-05-14,Keyboard,Accessories,West,1,1290,1290
913,2022-02-27,Tablet,Accessories,South,1,75,75
914,2023-07-10,Laptop,Office Supplies,West,9,1888,16992
915,2023-11-16,Smartwatch,Accessories,North,3,1078,3234
916,2023-11-03,Mouse,Electronics,North,5,1035,5175
917,2022-06-22,Phone,Accessories,North,9,1605,14445
918,2024-04-08,Tablet,Electronics,North,6,439,2634
919,2024-03-25,Laptop,Accessories,East,9,759,6831
920,2022-05-29,Camera,Office Supplies,East,8,620,4960
921,2022-03-21,Printer,Electronics,South,8,1521,12168
922,2024-06-04,Phone,Accessories,West,1,803,803
923,2022-08-01,Printer,Accessories,North,9,195,1755
924,2022-07-22,Camera,Accessories,North,6,1461,8766
925,2024-02-03,Laptop,Electronics,West,9,834,7506
926,2022-08-17,Keyboard,Electronics,West,3,1322,3966
927,2023-11-07,Printer,Electronics,South,3,575,1725
928,2022-08-15,Phone,Office Supplies,West,6,1535,9210
929,2023-10-21,Headphones,Office Supplies,North,9,62,558
930,2023-06-16,Monitor,Electronics,North,7,952,6664
931,2023-03-17,Tablet,Accessories,North,3,433,1299
932,2023-02-06,Keyboard,Office Supplies,North,3,605,1815
933,2022-02-16,Printer,Electronics,North,2,936,1872
934,2022-08-21,Smartwatch,Accessories,South,9,1472,13248
935,2022-11-01,Tablet,Office Supplies,North,3,68,204
936,2023-06-10,Headphones,Accessories,South,5,624,3120
937,2022-05-23,Camera,Accessories,North,9,1564,14076
938,2023-02-19,Monitor,Accessories,East,8,800,6400
939,2023-05-28,Laptop,Accessories,East,2,1053,2106
940,2023-01-08,Headphones,Office Supplies,East,3,468,1404
941,2023-07-20,Headphones,Office Supplies,East,2,1410,2820
942,2024-06-04,Camera,Office Supplies,South,8,468,3744
943,2022-09-16,Mouse,Electronics,South,6,1988,11928
944,2023-10-18,Camera,Office Supplies,West,6,1989,11934
945,2023-04-16,Mouse,Accessories,North,9,1685,15165
946,2024-08-10,Mouse,Office Supplies,East,8,1748,13984
947,2024-08-28,Keyboard,Accessories,South,4,171,684
948,2022-01-12,Keyboard,Electronics,North,4,481,1924
949,2022-11-26,Phone,Accessories,North,9,93,837
950,2024-01-06,Printer,Accessories,South,1,1945,1945
951,2024-02-23,Printer,Accessories,East,2,1993,3986
952,2024-08-25,Laptop,Electronics,West,2,1390,2780
953,2022-12-24,Printer,Office Supplies,North,6,430,2580
954,2024-08-29,Keyboard,Office Supplies,West,4,194,776
955,2023-02-12,Phone,Electronics,East,3,1400,4200
956,2023-10-30,Phone,Accessories,East,3,412,1236
957,2023-01-08,Mouse,Office Supplies,West,3,1123,3369
958,2022-01-08,Camera,Electronics,East,6,1138,6828
959,2022-05-02,Laptop,Office Supplies,North,8,404,3232
960,2022-12-14,Mouse,Electronics,West,7,849,5943
961,2023-11-07,Camera,Accessories,East,4,1237,4948
962,2022-03-31,Printer,Office Supplies,West,4,1214,4856
963,2023-10-10,Mouse,Electronics,North,2,875,1750
964,2023-11-29,Tablet,Office Supplies,East,1,1201,1201
965,2022-11-12,Printer,Office Supplies,North,9,447,4023
966,2022-06-27,Camera,Office Supplies,East,2,929,1858
967,2023-06-24,Laptop,Office Supplies,South,8,512,4096
968,2024-01-02,Camera,Electronics,East,9,1824,16416
969,2024-05-18,Mouse,Accessories,West,4,1909,7636
970,2022-02-10,Mouse,Electronics,East,8,857,6856
971,2024-01-10,Headphones,Electronics,North,9,236,2124
972,2023-12-05,Laptop,Electronics,North,5,1793,8965
973,2024-07-11,Smartwatch,Accessories,East,7,781,5467
974,2023-05-17,Printer,Office Supplies,West,4,1985,7940
975,2024-08-16,Phone,Office Supplies,South,1,1263,1263
976,2022-05-25,Laptop,Office Supplies,West,3,1461,4383
977,2022-07-20,Phone,Accessories,South,5,478,2390
978,2024-07-17,Laptop,Office Supplies,North,3,907,2721
979,2023-12-25,Laptop,Accessories,West,7,1357,9499
980,2023-04-06,Camera,Office Supplies,South,9,1937,17433
981,2024-01-02,Laptop,Office Supplies,East,6,286,1716
982,2024-01-22,Headphones,Electronics,North,1,1267,1267
983,2024-07-13,Smartwatch,Accessories,East,7,1360,9520
984,2024-06-27,Mouse,Electronics,North,3,820,2460
985,2023-07-12,Monitor,Electronics,West,5,807,4035
986,2023-07-01,Phone,Electronics,West,4,185,740
987,2022-09-10,Mouse,Accessories,North,5,841,4205
988,2023-01-25,Monitor,Accessories,North,5,1856,9280
989,2023-08-17,Smartwatch,Office Supplies,North,6,220,1320
990,2024-06-01,Smartwatch,Electronics,West,6,208,1248
991,2022-09-13,Phone,Office Supplies,South,8,250,2000
992,2023-12-10,Phone,Electronics,East,8,1560,12480
993,2024-03-25,Smartwatch,Accessories,East,9,1630,14670
994,2024-07-09,Monitor,Accessories,West,8,1011,8088
995,2023-03-26,Laptop,Accessories,East,2,1849,3698
996,2022-01-10,Printer,Electronics,North,1,632,632
997,2024-04-03,Tablet,Accessories,South,2,1577,3154
998,2024-03-08,Mouse,Electronics,East,2,925,1850
999,2022-08-30,Camera,Office Supplies,South,3,420,1260
1000,2022-09-08,Mouse,Electronics,North,7,152,1064
